Gradient,Soil Density,Angle of friction,Rainfall,Cohesion,Soil water density,Soil depth,Water table height,FOS,Labels
46.68023,1633.958,39.43535,3.04127,25864.82,999.2995,0.838166,13.34447,-2.919169367,0
48.04759,1635.787,38.39624,1.623614,26680.68,999.1272,1.538349,12.15273,-2.89780559,0
47.22329,1632.19,41.50728,2.956693,27234.78,997.4685,1.105802,13.94361,-2.405232142,0
49.46063,1638.188,41.42968,4.529075,26479.64,994.7508,1.08199,14.95396,-2.303489045,0
46.29549,1635.286,42.11473,5.435667,28361.62,995.9581,1.178115,13.52795,-2.174275996,0
48.02589,1635.075,38.76731,3.208093,27145.7,996.5473,0.756804,12.7005,-2.169337654,0
46.52082,1637.426,42.4228,4.738768,26564.88,997.1359,1.128584,12.37976,-1.987285891,0
47.5849,1634.429,41.57067,2.89062,26892.27,998.8615,1.213515,13.95464,-1.939601171,0
46.82461,1635.162,38.97636,3.426497,26768.76,995.8823,1.47264,15.65175,-1.883898094,0
47.81713,1637.226,39.9082,2.625543,26221.46,999.8211,1.10184,13.14523,-1.786175046,0
46.96438,1632.92,39.38437,1.83012,27282.24,995.7359,1.344229,14.58719,-1.76570636,0
48.02324,1631.707,39.19099,4.3229,26502.83,996.9594,1.095841,13.53948,-1.765118981,0
46.86361,1636.119,39.16348,3.778607,26840.76,996.0953,1.281755,13.83897,-1.638569306,0
48.64924,1637.052,36.19736,1.145434,26713.25,996.5637,0.872114,13.54898,-1.601413621,0
46.60288,1632.488,37.31704,2.451746,26832.13,997.6798,0.828596,11.9719,-1.593160797,0
47.11347,1634.494,40.62296,0.932503,27465.85,995.7504,1.648778,14.71568,-1.451905781,0
45.48106,1639.023,38.37889,3.072207,27211.89,997.312,1.092635,12.04156,-1.34544264,0
47.83245,1634.548,41.42707,3.718327,27123.07,997.7395,2.125285,16.52692,-1.291227087,0
48.74412,1634.574,39.74105,3.32446,26966.71,993.8053,1.158642,12.89348,-1.277048877,0
45.62687,1637.277,42.94245,5.191058,26923.37,997.4148,1.664146,12.1673,-1.129879162,0
45.67866,1636.596,40.15472,4.050019,27233.26,994.9911,2.366388,15.8696,-1.101429573,0
45.4617,1636.323,38.39843,5.130766,26789.74,997.4822,1.523056,13.03841,-1.098092679,0
47.14633,1634.462,40.87182,4.921543,26309.4,1000.789,1.661151,13.05379,-1.079068412,0
47.12379,1633.223,40.90629,7.394569,27750.61,996.4271,1.494104,12.58241,-1.003849097,0
46.67078,1636.306,36.65572,2.427454,27570.97,994.0186,1.659701,14.63349,-0.984665074,0
44.8513,1635.191,39.74915,1.484021,27069.74,999.1622,1.772982,12.85526,-0.964193443,0
46.12885,1632.58,37.07948,7.504209,25824.5,998.1151,2.145844,15.35442,-0.947716209,0
48.82261,1635.92,38.73703,4.964581,27420.84,998.2464,1.133467,12.40495,-0.942636381,0
47.41881,1634.875,37.09328,2.344554,27092.49,996.9481,0.936062,11.54977,-0.91091993,0
48.46402,1636.671,40.84629,2.2635,26685.73,996.8159,1.804408,13.62886,-0.90159369,0
48.09765,1636.223,38.19745,1.284895,27524.01,998.2975,1.255972,12.66014,-0.889620213,0
47.79262,1635.698,39.8719,5.315557,26587.81,999.0436,1.940553,14.02395,-0.870529428,0
45.61625,1636.828,40.61536,4.355305,27538.65,998.5558,1.760734,12.48961,-0.844190685,0
47.07568,1634.21,42.40728,5.512678,26059.41,996.9246,2.141262,13.26782,-0.839204455,0
46.08312,1633.428,41.39506,1.005893,26555.54,998.0802,1.928994,12.72173,-0.762940115,0
47.87943,1636.494,41.11805,4.54257,27976.09,997.0172,1.333896,11.50897,-0.733646319,0
45.98271,1633.675,40.78238,4.572079,27285.03,996.8879,1.730054,12.00075,-0.725381435,0
48.86959,1632.67,38.92618,3.33431,27429.34,998.2527,1.30683,12.34467,-0.723313199,0
45.30694,1634.294,38.73324,0.108823,27993.46,998.1782,1.849391,12.92594,-0.705663313,0
47.39129,1635.407,40.07682,2.711236,27319.62,998.6714,1.560626,12.07759,-0.693629466,0
47.96333,1639.081,40.04,4.759453,27453.58,997.1698,1.544862,12.25276,-0.675582195,0
47.39403,1636.449,40.91076,4.298303,27342.29,997.3816,2.151313,13.51929,-0.6666572,0
46.87651,1637.018,37.67173,3.338452,26542.71,998.6489,2.251643,14.43655,-0.633963789,0
47.63748,1633.492,38.39244,5.571479,26653.37,998.1617,1.335959,11.65348,-0.62836626,0
45.82921,1634.729,37.65857,4.520808,26802.24,998.0988,2.453542,14.6458,-0.619741064,0
46.16551,1637.157,38.06436,7.947545,27577.65,997.4497,2.288097,14.31676,-0.612222313,0
51.58041,1637.932,43.42877,2.363158,26735.19,999.7866,1.680383,12.42385,-0.603743527,0
49.34869,1632.229,41.52921,4.254655,26751.88,998.3198,1.601426,11.88461,-1.580494564,0
45.20109,1635.397,40.07371,4.286818,27511.58,998.4063,2.612743,13.91835,-1.5688386,0
50.15765,1637.359,39.9731,2.711866,27079.89,998.6372,2.035237,14.07697,-1.567389648,0
47.01838,1637.666,38.76036,3.807936,27124.45,998.5952,2.397604,14.32409,-1.565626523,0
47.46924,1637.764,39.42323,3.716245,27667.71,996.2741,2.65771,15.15601,-1.561179457,0
47.13399,1635.139,39.02681,4.528917,27218.08,996.9488,1.701163,12.28753,-1.560393122,0
46.68282,1634.008,39.90043,2.121463,27438.3,999.8413,1.681062,11.78997,-1.555041328,0
46.81318,1638.869,38.59907,3.483207,26634.22,996.5124,1.671171,12.06388,-1.553001576,0
49.01401,1636.412,41.43043,1.803193,26833.2,998.0627,1.684266,12.29454,-1.550931804,0
47.5648,1634.93,41.67998,2.439131,27410.72,996.6803,2.379722,13.4365,-1.545705308,0
51.02565,1633.419,41.27261,3.336427,26481.93,1000.115,2.084587,13.75031,-1.536401265,0
47.17381,1636.075,38.7206,6.011206,27271.28,995.4376,2.024593,13.25044,-1.532584029,0
48.55515,1633.868,41.33328,3.382665,27187.01,996.2631,1.858548,12.66118,-1.525148077,0
46.16527,1632.022,39.57545,5.238632,25527.48,995.7488,2.04814,12.12468,-1.51451438,0
50.69128,1632.251,39.00801,2.52991,27042.52,996.3454,1.965855,14.19902,-1.508109315,0
46.15058,1635.38,41.1245,1.679819,26772.32,999.0524,3.840691,16.54957,-1.499415027,0
46.58007,1636.322,37.89977,2.336301,27026.26,999.5582,3.263217,16.42953,-1.495530492,0
46.51932,1633.92,41.58351,2.838511,27173.66,996.7545,2.98576,14.69035,-1.488681189,0
48.10324,1636.877,39.15814,4.615182,27926.61,999.3327,1.491621,11.90134,-1.482657477,0
47.14134,1633.771,38.06568,3.567884,26978.42,996.7858,1.924562,12.80162,-1.468244512,0
49.51591,1636.343,37.63313,4.92894,25802.91,997.8461,2.456149,14.95328,-1.459936142,0
47.59842,1634.022,40.73088,5.402786,27074.67,998.8847,2.80147,14.30251,-1.456920127,0
46.94723,1634.652,38.1621,1.907488,27100.87,997.3297,2.82416,15.07106,-1.456611653,0
46.02289,1634.743,38.9779,6.835297,27052.35,997.6162,2.347625,13.09006,-1.437928808,0
47.18463,1635.98,36.54292,3.873599,26419.1,997.8526,2.282146,13.99559,-1.434972851,0
46.85398,1635.426,39.40514,3.96078,26842.52,999.7522,2.29773,12.9663,-1.426984221,0
48.16908,1636.587,40.09378,2.471778,26654.05,1001.01,2.481484,13.58059,-1.422609879,0
48.00597,1635.978,39.99218,4.960453,26808.83,996.7101,1.076978,10.04797,-1.418014882,0
48.08546,1636.039,39.96644,6.192743,26838.93,996.7624,2.263618,13.07476,-1.409158992,0
48.9003,1635.183,41.65451,3.781064,26699.02,1001.273,2.95944,14.45301,-1.406925454,0
46.78664,1636.205,40.8766,5.4461,26214.88,997.3971,3.624296,15.45806,-1.39797368,0
48.26486,1634.76,38.7693,2.721376,26902.15,994.7931,1.635809,11.9236,-1.397088998,0
49.8458,1639.917,37.06429,2.661161,26631.5,996.6211,1.619636,12.94798,-1.385018174,0
48.02974,1636.066,38.08655,3.775704,26471.07,996.874,2.190871,13.27701,-1.383959436,0
43.43089,1636.636,38.68342,3.914484,28167.77,1000.14,2.973117,13.86633,-1.382806797,0
46.05696,1634.743,40.9629,3.071388,27279.33,997.4901,2.151482,11.79676,-1.380269405,0
45.5934,1636.233,41.5708,3.497768,25856.38,998.8218,3.627899,14.92386,-1.379109329,0
45.60161,1636.07,38.97598,4.067712,27257.38,994.8354,2.624786,13.43003,-1.378346449,0
46.49082,1634.475,39.43081,2.25896,27543.97,997.3153,2.619712,13.5854,-1.376173187,0
46.93991,1633.585,41.52711,2.574136,27111.55,999.8405,3.438155,15.17079,-1.372295371,0
49.90468,1636.318,39.91074,1.574059,27021.68,996.1436,1.752057,12.36286,-1.370809709,0
47.20506,1637.702,41.17019,3.757619,27709.01,996.1348,2.275221,12.47715,-1.370476735,0
46.18355,1636.442,37.50038,4.996152,26800.05,997.6548,2.621732,13.88267,-1.365972471,0
45.57268,1636.73,40.08566,4.066875,26906.53,996.7261,3.50254,14.94538,-1.361675203,0
48.47088,1635.879,39.33212,3.329585,28053.29,996.9107,2.037024,12.96848,-1.360836889,0
45.46893,1634.773,43.1193,2.744219,26913.69,997.7425,3.177102,13.21299,-1.360451853,0
47.039,1637.672,40.62969,4.942821,26707.43,994.7783,3.317139,14.76021,-1.355769505,0
46.75051,1635.834,41.36609,3.568875,26844.61,996.4462,1.435514,11.25279,-1.344262993,0
47.18222,1635.738,38.69651,5.874504,26983.51,998.7356,2.09586,12.46458,-1.34367474,0
45.80788,1635.383,39.86736,4.918192,26714.84,997.5365,1.9985,11.38073,-1.341272689,0
48.37227,1635.809,39.53987,1.787298,28276.37,997.8918,1.153532,10.6955,-1.339550749,0
49.74532,1634.965,39.92059,1.40917,26211.84,999.6896,1.36993,10.9413,-1.332307074,0
46.43784,1633.689,39.23684,3.177251,26746.53,994.5711,2.633466,13.22181,-1.328177888,0
46.03262,1635.995,38.69574,2.982171,26827.9,999.301,2.319614,12.48335,-1.325035965,0
46.15451,1638.176,39.25383,3.729001,27205.01,998.7069,3.252481,14.56252,-1.315689606,0
47.90065,1636.571,36.88322,1.729543,28137.02,994.7603,1.37276,11.85708,-1.315027606,0
44.18948,1636.615,42.46445,1.925924,26729.16,997.7893,3.691976,13.79091,-1.300328121,0
47.96544,1635.22,42.14349,6.313884,27088.25,998.8137,3.837494,15.38711,-1.297431802,0
46.2084,1638.278,39.67518,3.915539,26439.81,996.1279,2.45216,12.3225,-1.291555439,0
46.97497,1635.691,37.74095,4.625294,26368.58,999.4403,2.905494,14.09141,-1.284552775,0
47.42526,1635.418,40.05522,0.702077,26064.19,996.6361,2.805899,13.13773,-1.269417896,0
44.09349,1636.655,42.02118,2.092639,26648.65,997.8233,2.962877,12.06233,-0.257454087,0
48.62994,1634.884,39.09637,2.04881,27481.13,997.1877,2.621963,13.73727,-0.25370402,0
49.05185,1632.165,38.31657,1.786221,27445.28,998.2835,1.235242,10.99182,-0.242879521,0
46.78659,1633.38,36.40302,3.30201,26529.09,998.7978,3.080049,14.62586,-0.241607733,0
47.90099,1635.421,40.81197,2.828174,27311.24,996.1476,2.560013,12.70265,-0.241147905,0
48.02303,1632.572,39.63134,4.15288,26342.14,998.0872,2.871872,13.47516,-0.240428068,0
47.35647,1635.926,41.68041,2.112014,26944.44,998.9784,2.97561,13.02187,-0.238962739,0
48.5107,1637.205,40.94433,5.015585,27413.25,997.7683,2.826796,13.36002,-0.226003332,0
48.62859,1635.6,41.48048,2.567838,26995.7,1003.477,3.134077,13.99931,-0.225982123,0
47.78063,1634.128,41.71925,4.868464,27452.77,997.1905,3.12614,13.50236,-0.222446229,0
47.11767,1636.012,40.00764,3.319412,26865.32,1000.17,3.723228,14.83817,-0.2179833,0
47.14268,1637.351,38.87241,3.997394,28236.21,995.9513,2.163457,12.33065,-0.215451735,0
47.71209,1633.714,40.20426,1.457159,26548.91,998.4488,3.124001,13.60677,-0.21228464,0
48.81923,1636.873,36.91636,4.821918,27387.21,997.6916,3.001175,15.0389,-0.203380037,0
48.62624,1636.871,40.90588,6.473217,26665.73,997.9935,2.558528,12.46878,-0.195797431,0
49.52515,1634.637,38.2645,3.304687,26948.7,997.2418,2.33349,13.20801,-0.192559448,0
49.14916,1632.788,39.94675,1.397863,27347.38,996.0608,2.262813,12.49847,-0.191042039,0
46.18832,1637.135,39.1609,1.805021,25876.72,996.487,4.602043,16.1823,-0.190149516,0
46.76368,1634.931,41.40708,2.560619,26871.44,997.0339,3.428272,13.81613,-0.187511234,0
47.93504,1635.512,41.07067,4.269799,27315.57,997.6935,1.051907,9.262322,-0.183837173,0
48.13293,1635.257,42.96848,3.290437,26774.06,997.4656,3.536171,13.65495,-0.18188154,0
48.48474,1637.373,39.15222,3.877268,27567.6,1000.03,3.29561,14.56389,-0.175232568,0
44.38678,1636.138,41.85619,2.701723,28060.1,998.387,4.554759,15.09357,-0.167664937,0
47.78481,1635.82,38.23515,4.746382,27827.26,997.8383,2.822915,13.67457,-0.162997296,0
46.77564,1638.011,41.40362,2.920079,27269.87,999.0264,3.115901,13.10118,-0.160121407,0
47.27407,1636.616,37.34223,3.675082,26110.12,996.9627,2.800077,13.23933,-0.159705118,0
47.34272,1634.766,41.02775,3.983831,25872.42,1001.538,2.860726,12.18732,-0.159145697,0
48.86656,1632.371,39.10524,1.914877,26481.75,995.0151,2.672585,13.06125,-0.155992908,0
46.66052,1635.829,41.6965,1.421655,28595.96,996.1923,2.091216,11.0431,-0.155690864,0
46.29481,1634.477,39.67559,1.594635,27140.64,995.6767,2.837828,12.54799,-0.148553521,0
47.1668,1636.118,41.4176,3.028187,26322.67,995.2148,2.888311,12.47043,-0.145074037,0
46.71905,1634.15,37.69867,2.796812,27389.29,995.9623,3.454987,14.50169,-0.143229738,0
49.86866,1637.584,41.56318,3.890656,28114.64,997.6203,1.91008,11.7986,-0.134588659,0
47.09897,1637.494,39.2763,3.461798,26593.09,995.8156,2.951476,12.88803,-0.133332094,0
45.75035,1635.54,39.99342,3.188921,27001.55,996.454,2.294435,11.13751,-0.132161004,0
47.59198,1636.053,38.23307,5.944603,26953.6,994.8679,2.274807,12.11768,-0.128817507,0
45.16179,1636.932,37.57989,5.90953,27110.96,998.7581,4.584257,15.91829,-0.119426737,0
48.19785,1635.898,41.54478,4.124162,26315.78,996.2714,3.727443,14.06754,-0.107799569,0
48.75212,1635.179,38.39187,2.65294,27948.41,994.4419,2.371776,12.81628,-0.106675369,0
49.22463,1633.874,40.05919,4.159821,26889.59,997.914,3.372315,13.95873,-0.102281181,0
50.25406,1636.017,38.69667,3.79457,26282.86,1000.767,3.764605,15.26221,-0.100993232,0
50.60314,1634.915,38.40582,4.62148,26384.61,995.8851,2.067373,12.36682,-0.098982014,0
43.18916,1635.439,41.39002,3.841729,26837.28,995.6904,2.567622,10.74529,-0.097284519,0
47.97537,1635.407,39.29427,4.337581,27608.04,994.3357,3.315301,13.86977,-0.0946171,0
46.56731,1635.384,37.77801,0.017477,26178.4,995.5882,2.913488,12.71509,-0.093945323,0
47.27669,1634.535,37.54644,5.325601,27499.81,999.1421,2.435209,12.41089,-0.088547327,0
49.39411,1636.721,40.8956,2.777449,27920.07,996.1711,2.579801,12.52863,-0.08806401,0
44.54487,1637.313,40.04024,1.361025,27070.02,995.0835,3.233583,12.33934,-0.083731015,0
47.09235,1635.387,39.43042,2.109874,25951.09,997.9984,2.89621,12.21634,-0.083092889,0
45.35482,1636.039,40.28813,4.449364,28499.92,997.4636,3.273794,12.84933,-0.08136321,0
48.063,1635.871,37.86545,2.557054,27781.31,994.614,3.631524,14.84914,-0.07923637,0
46.16711,1634.682,37.67034,3.86213,26511.57,994.7085,2.341009,11.58945,-0.078123021,0
45.88646,1636.077,37.89044,3.307077,26319.92,998.5801,2.746665,12.08704,-0.077361337,0
46.1758,1634.817,40.05314,3.242395,26490.04,994.598,3.200426,12.48462,-0.074963437,0
49.58506,1632.657,39.1693,4.934792,26713.97,997.2083,2.591377,12.65159,-0.070995836,0
45.43211,1635.855,39.52055,5.018935,27256.51,995.8357,2.671736,11.63978,-0.070923158,0
47.89111,1638.021,38.96292,0.968787,27261.17,997.5801,4.648576,15.9988,-0.067506677,0
49.89823,1634.694,39.59039,4.995463,26018.06,1001.408,2.761135,12.6652,-0.065967514,0
45.29813,1634.136,39.94424,3.457084,27617.99,997.3026,2.678413,11.53114,-0.06227783,0
47.63224,1638.692,38.95111,2.632062,26512.46,996.8957,2.870117,12.49735,-0.061658977,0
47.67442,1636.798,40.82279,4.07299,27210.78,997.4787,3.489018,13.25669,-0.05931364,0
48.87025,1636.997,36.87544,2.968332,27557.62,999.3702,2.656148,13.38327,-0.05596518,0
49.75219,1634.425,39.72847,5.710279,27316.98,997.0196,3.7197,14.62579,-0.055062631,0
48.72318,1634.369,40.03848,6.331809,27147.44,995.9514,3.471979,13.72061,-0.054963548,0
45.69593,1636.894,38.76016,2.308444,27121.64,995.9884,3.86303,13.86393,-0.052855554,0
51.55819,1635.304,37.10382,3.586584,26573.46,997.0334,3.450246,15.02507,-0.051296249,0
48.21397,1635.104,38.00567,4.231876,26827.34,995.7976,2.516045,12.339,-0.049521276,0
45.51173,1635.306,39.16162,1.414958,27338.14,998.2926,2.610913,11.50988,-0.047399867,0
47.78125,1635.708,38.15786,2.338759,26654.28,996.9622,1.594323,11.46014,-0.044344927,0
46.287,1636.434,41.33614,5.07552,27135.53,999.1357,3.669793,13.1606,-0.043593198,0
46.88697,1638.271,37.54307,3.132351,27045.79,996.9963,3.557826,13.86941,-0.039358452,0
46.43779,1635.064,41.79751,3.67342,27550.83,999.9015,2.188815,11.35063,-0.037116165,0
46.65842,1636.897,38.66911,3.302886,26864.62,999.5181,2.984031,12.3835,-0.035366076,0
47.53592,1632.561,41.40242,4.378841,26108.74,999.1098,3.280122,12.46613,-0.034869674,0
48.90129,1633.448,38.72779,4.139319,27487.8,1001.389,3.104192,13.36149,-0.029026973,0
43.97624,1635.224,39.0054,5.2082,27232.69,997.6447,3.252855,12.14752,-0.028621371,0
47.20889,1635.547,38.78322,2.806001,27936.6,996.7197,3.432569,13.49675,-0.021031593,0
47.89573,1636.295,39.17317,6.731275,26774.48,995.0366,2.956298,12.47586,-0.019081561,0
45.41687,1636.62,38.67272,4.264647,28593.86,996.819,3.986349,14.10291,-0.017266732,0
47.07851,1637.544,38.83351,2.178845,26349.85,996.3151,3.457645,13.0273,-0.016157656,0
46.66239,1635.067,39.75644,5.233066,26794.46,994.9456,3.454873,12.7774,-0.012912176,0
47.38165,1636.116,38.01531,3.527667,27908.82,996.1127,3.53,13.86435,-0.012095031,0
42.74673,1637.549,42.04837,5.07242,25649.58,997.7156,5.167627,13.96868,-0.011421876,0
49.12696,1636.355,42.38184,3.159702,25779.18,998.8173,2.284743,11.51706,-0.008696812,0
49.8249,1640.216,39.71937,3.133402,27114.89,997.2069,3.12161,13.20037,-0.00677533,0
46.67105,1636.261,38.27453,3.350654,26020.2,996.4607,5.013962,15.44638,-0.00436588,0
47.36675,1637.728,41.32411,5.030462,26849.63,998.2091,2.375451,10.70226,-0.00150711,0
47.04374,1634.446,40.23545,5.887558,26721.47,998.3407,2.421301,10.91257,-0.000856142,0
46.12262,1633.231,37.25139,2.165704,27044.35,1000.898,4.207551,14.39952,0.000586026,0
45.80366,1635.548,39.06724,3.982904,26956.38,997.8192,3.108074,12.0568,0.002893812,0
47.84926,1635.129,38.11715,3.108711,26619.02,998.052,3.041979,12.64431,0.004827499,0
46.85129,1634.822,39.87127,1.868777,26958.88,997.5844,3.697882,13.05922,0.006741511,0
46.56417,1633.91,41.5527,4.62445,26397.77,1000.794,3.291987,11.74053,0.007989111,0
47.81592,1634.688,39.153,2.455529,26766.91,995.5642,2.920102,12.16521,0.014491953,0
48.57939,1634.027,41.47024,1.35136,27063.18,998.7479,3.340308,12.75458,0.014770076,0
45.25149,1634.363,37.58234,2.47916,27091.58,996.4784,2.328671,10.9917,0.018668204,0
45.95538,1632.158,37.44602,5.072764,26778.23,997.6009,2.45931,11.30146,0.021076589,0
48.21043,1634.476,41.32532,3.621295,26831.12,995.9706,2.713464,11.59182,0.024943236,0
49.99297,1634.57,40.2289,4.979492,26728.94,997.51,3.058849,12.64792,0.025088992,0
44.39508,1636.838,37.24385,4.626462,27372.21,998.1038,3.434265,12.64532,0.026043058,0
48.92646,1633.936,39.73215,3.148828,26671.1,996.068,3.065084,12.44816,0.026947773,0
46.69129,1638.49,42.4345,4.396993,27388.08,998.1116,3.49817,12.04049,0.030743222,0
47.03278,1636.474,37.99774,4.171495,27084.59,997.8178,3.540325,13.16662,0.033072271,0
48.38957,1633.144,41.19147,2.669565,26307.3,998.7788,3.264872,12.06162,0.034069625,0
49.84018,1637.733,39.47329,2.076918,26979.97,998.6367,3.386073,13.31229,0.035144002,0
45.42954,1636.502,36.52677,2.28603,26772.25,1000.207,3.496469,12.9108,0.036947833,0
49.72422,1634.353,38.32934,2.006755,27191.5,998.6127,3.344052,13.56803,0.037432777,0
48.81612,1636.371,41.37369,3.827117,26478.02,998.7086,3.820446,13.01399,0.039670595,0
48.4071,1638.619,41.12668,2.50666,27386.12,996.8856,3.158101,12.2029,0.039703232,0
47.53901,1637.079,39.51179,5.222211,26966.74,996.1646,3.786941,13.21905,0.042010764,0
46.56936,1636.394,38.62549,1.911677,26386.18,996.1586,3.757088,12.96968,0.043155966,0
49.30465,1633.144,39.83862,1.371988,26824.45,996.4024,4.269584,14.30824,0.043724935,0
44.8715,1635.583,38.62678,2.400231,26669.24,996.2942,3.251673,11.84412,0.044105866,0
46.49922,1635.002,41.392,4.224447,26478.61,995.7991,5.092633,14.62095,0.044791416,0
48.49828,1635.249,41.10847,4.068592,26224.76,996.5846,3.930032,13.06898,0.04554508,0
47.1531,1637.041,38.13699,5.171565,27425.17,997.7851,4.438328,14.54296,0.045548443,0
46.02417,1634.046,38.00902,4.845538,27108.01,996.9799,3.57994,12.86303,0.046299445,0
44.76769,1634.798,39.77902,5.24634,26835.33,994.2654,4.317464,13.24828,0.048092247,0
44.38961,1636.157,39.83986,3.916694,26712.87,994.6196,5.540981,15.01228,0.049409224,0
47.33854,1636.353,39.93519,4.376015,26086.52,996.6859,3.810345,12.7864,0.050455554,0
44.84593,1634.592,39.47618,3.830833,28125.78,998.1367,3.44435,12.19972,0.055566621,0
51.38058,1637.375,37.22255,3.266151,26992.84,996.7681,3.032716,13.47565,0.055838879,0
46.27685,1635.577,38.21244,0.078789,27432.49,998.1866,3.260942,12.38803,0.056919873,0
50.22981,1639.745,39.37471,4.09164,25661.34,996.4137,3.927034,13.73231,0.057794142,0
46.30262,1637.714,41.37928,1.798783,27368.83,995.6735,4.109542,12.91805,0.062955246,0
46.39795,1633.864,40.16885,3.151827,26668.46,1000.056,3.381949,11.84265,0.065983733,0
48.23341,1634.294,38.45212,2.24128,26144.7,995.9997,2.708381,11.62392,0.066223119,0
47.94853,1633.237,37.62679,3.196937,27046.34,996.4591,2.256066,11.34609,0.066247559,0
47.5857,1634.832,40.94317,3.652715,27461.52,998.1513,2.84444,11.34958,0.070622368,0
48.82762,1633.661,40.79503,4.589816,25622.32,997.4222,2.637815,10.89471,0.074559933,0
47.2568,1635.628,39.69312,3.929185,26241.08,995.6522,3.040557,11.5319,0.075197997,0
46.91534,1636.23,41.46703,3.992493,27586.88,997.0987,3.093047,11.45009,0.07579615,0
46.65999,1637.456,40.72735,4.675468,26828.73,998.4303,4.062312,12.75603,0.08053056,0
48.78205,1634.994,37.90526,4.013829,26625.69,997.6058,3.832698,13.56811,0.082639455,0
48.91338,1636.147,43.61002,6.579775,26942.83,998.5644,4.150414,12.80554,0.083014035,0
47.24828,1632.768,39.73498,1.13656,26288.25,997.6648,4.145453,13.05321,0.084220595,0
48.24561,1634.207,37.77632,4.61756,26133.13,997.3178,4.412686,14.11129,0.085243601,0
49.83217,1637.891,41.11004,5.818959,26219.17,997.1908,3.544604,12.52862,0.085438225,0
47.88115,1636.623,40.95821,2.359807,27572.14,999.7416,3.107422,11.72067,0.087473092,0
46.77181,1634.803,40.09257,0.121617,26001.47,997.3659,4.603933,13.43323,0.088324525,0
46.15294,1635.746,40.64912,5.33487,27047.97,995.6727,4.30162,13.02596,0.088910925,0
48.87876,1635.981,37.96767,1.054351,27830.79,1001.589,3.074159,12.7693,0.089107497,0
47.39004,1632.343,38.74249,7.065308,26716.06,998.9919,4.322711,13.61606,0.089870579,0
46.87137,1634.774,36.6649,3.239145,26661.2,998.3846,3.839979,13.28937,0.091214105,0
48.70954,1636.711,42.11956,5.652615,28329.54,998.8139,4.888361,14.39824,0.094726873,0
47.79103,1634.473,38.93365,6.177692,27304.65,996.4813,2.857963,11.73773,0.095360681,0
46.96596,1634.086,42.21727,3.796104,26766.32,997.3062,6.242558,15.5411,0.096238825,0
46.71526,1634.347,38.40173,3.241454,26875.22,997.4398,2.951445,11.58092,0.096715323,0
46.08558,1636.07,40.97576,4.049201,26842.12,996.2153,4.577579,13.21303,0.09769845,0
45.46388,1634.145,37.3288,3.178266,27551.15,996.3814,3.350197,12.28292,0.099102405,0
48.4386,1637.052,37.78159,5.433496,26521.08,997.1358,4.614868,14.40978,0.101011891,0
47.51999,1631.513,38.13687,4.272455,25903.85,1000.297,3.307411,11.99338,0.103030214,0
46.67016,1636.205,40.89516,0.964798,28040.24,997.4559,3.655104,12.25697,0.104333945,0
47.47891,1633.827,39.74421,3.78116,27006.48,997.2169,3.722882,12.53164,0.104507609,0
49.22135,1636.651,38.7081,4.412161,26853.81,998.5863,3.623852,13.0551,0.105079555,0
43.41519,1636.138,40.85913,1.867233,27181.24,994.5507,4.5534,12.70899,0.108126359,0
49.52881,1634.427,41.44201,3.337998,26677.13,998.0933,5.021628,14.57452,0.109341114,0
47.44953,1633.295,38.77018,4.531034,27078.22,995.8048,3.676436,12.66934,0.110970881,0
48.11566,1636.647,39.9004,2.381985,27461.34,999.9927,3.660084,12.60634,0.112006993,0
48.60243,1635.825,38.58635,4.183704,26455.13,997.8916,2.607787,11.33374,0.112948835,0
48.71158,1636.243,40.67662,4.253735,26716.36,995.4382,3.192065,11.76513,0.11408081,0
47.13944,1636.085,38.92974,5.28483,26682.48,996.8904,3.177235,11.71791,0.114532135,0
45.5058,1635.874,38.93459,4.364614,27176.98,997.5023,4.386021,13.12961,0.117218153,0
49.08978,1637.405,42.02279,3.345098,27265.07,996.2307,3.750961,12.44681,0.118709434,0
47.0417,1634.499,38.17374,6.103397,28103.23,998.1076,3.47613,12.59821,0.122900901,0
47.99522,1634.591,38.97895,4.134977,27069.93,996.8565,3.453748,12.33269,0.124766646,0
45.64085,1633.612,38.36789,4.533344,27675.96,1000.207,3.306867,11.80463,0.126864873,0
48.43268,1633.419,38.87366,3.756538,26221.18,996.5378,4.147695,13.12042,0.129961382,0
48.08136,1635.811,41.44736,2.028399,28135.77,997.7788,3.023926,11.66648,0.130576369,0
46.79422,1634.121,37.68075,1.537036,27119.47,997.1321,4.290567,13.4224,0.130776252,0
48.07986,1633.926,38.86138,3.773273,27332.05,997.4654,4.675432,14.01903,0.132814314,0
50.10762,1634.422,41.96581,3.915151,27505.9,1000.043,2.857348,11.42287,0.133038587,0
48.4892,1635.544,39.07558,3.224992,26407.09,998.9403,5.13251,14.3938,0.133832769,0
47.93137,1636.092,38.21814,1.500092,25966.65,997.4677,4.997042,14.1533,0.134395759,0
47.29651,1634.09,40.71866,1.596808,27580.14,997.4876,4.267859,12.89722,0.137907271,0
49.45052,1633.27,38.85845,2.302621,27234.78,997.1627,3.623342,12.91612,0.138774448,0
45.9964,1636.671,39.38041,2.763861,27555.78,995.5698,3.72904,12.16883,0.14015219,0
47.23848,1634.689,41.3317,2.763591,26267.2,996.4064,3.117763,10.84643,0.14259391,0
47.19275,1634.951,39.15899,0.626399,27569.73,995.977,4.265391,13.17895,0.142890245,0
48.53993,1636.343,38.8515,2.723362,26775.83,996.4429,3.700073,12.60874,0.143444797,0
48.62829,1634.411,39.29879,1.367634,27893.4,997.1188,4.209733,13.47928,0.145903219,0
47.04196,1637.164,38.86513,3.039959,26556.74,996.2546,5.355143,14.34643,0.146188717,0
46.75927,1638.919,38.88536,2.492123,26566.3,997.7222,3.79266,12.19196,0.147222879,0
45.81403,1635.634,39.83873,4.82969,27139.31,998.1919,3.893312,12.0175,0.152555303,0
47.07863,1635.783,37.66034,6.529522,26516.16,996.4426,3.476291,12.06811,0.153130595,0
47.86703,1636.27,41.52515,3.327439,26778.81,998.2877,3.223039,11.34032,0.153720617,0
47.13564,1634.574,40.76511,4.131687,27004.11,998.0448,4.800821,13.26433,0.153835302,0
47.92657,1635.476,37.9858,4.097401,26550.78,997.9117,4.092488,12.97534,0.154186224,0
47.55805,1637.593,39.65951,3.188639,26994.66,995.8588,3.50931,11.90551,0.155545174,0
48.9015,1634.357,38.40562,1.524288,28366.54,997.2422,4.689154,14.41939,0.155675019,0
47.23784,1631.303,40.61937,5.419399,26760.64,997.4858,2.548515,10.25548,0.157805991,0
48.50625,1635.266,40.67323,3.807884,26465.22,998.6166,4.636223,13.1751,0.158065106,0
47.86857,1637.399,39.54285,1.967702,26465.98,998.7831,4.262079,12.77472,0.158483926,0
46.30874,1634.689,39.57437,2.213013,27544.04,998.9755,2.662557,10.60367,0.159450519,0
46.97587,1636.067,39.27494,3.627662,27013.43,996.8988,5.20145,13.98902,0.16120167,0
48.16617,1634.736,39.97854,4.685006,26381.33,997.167,4.717837,13.30007,0.161514373,0
45.88079,1634.431,39.86511,3.465222,26679.2,995.4998,5.638739,14.15219,0.162332192,0
48.06352,1634.005,39.15512,3.444347,26230.24,999.0829,2.274273,10.24566,0.163780625,0
47.07721,1636.538,40.186,3.35683,26853.17,996.1411,4.137306,12.39417,0.163851975,0
44.63339,1633.952,39.02972,3.404312,26191.15,996.3454,4.189778,12.02035,0.164701507,0
47.04196,1635.277,41.5655,4.650128,26731.47,999.1084,6.643583,15.32347,0.165006704,0
48.11264,1637.063,37.72572,4.335749,27874.22,998.4679,3.299125,12.36131,0.166724833,0
47.31467,1636.052,41.12054,4.038647,26935.65,995.8199,4.377452,12.55281,0.169098433,0
48.89298,1636.384,38.6078,4.108849,27169.13,997.8141,4.804998,14.00167,0.169739905,0
47.42367,1629.354,41.40794,5.019411,26218.62,995.7718,4.607146,12.7667,0.172176523,0
45.53218,1634.425,38.87843,3.355531,27732.07,997.1128,2.632546,11.53592,0.173307345,0
45.55307,1630.96,38.0555,2.273021,27461.57,997.118,3.053639,11.14985,0.178058217,0
48.48078,1634.046,41.58735,2.680866,27024.23,997.9135,2.312011,10.2167,0.18077902,0
44.61686,1637.094,38.88684,4.784115,27893.6,997.4358,3.413106,11.29904,1.186580294,1
47.99163,1634.351,41.51842,2.59306,27064.87,998.2297,4.663462,12.99212,1.187872535,1
49.54157,1635.64,39.99785,4.936263,26655.91,1001.479,3.891178,12.34069,1.192156175,1
49.91291,1633.617,38.97051,3.527279,26368.71,999.2156,4.065677,12.78335,1.19288593,1
47.62308,1635.966,37.16828,4.710028,27093.37,995.0474,3.392223,12.07303,1.193826413,1
47.09131,1635.784,36.64928,4.031261,26718.92,996.0705,2.420551,10.78763,1.194205301,1
48.09681,1633.615,38.38026,5.378637,26455.11,998.368,4.23632,12.68188,1.194366758,1
46.7332,1636.008,36.89562,5.097571,26709.48,997.8603,4.730073,13.35409,1.194804532,1
47.3088,1636.008,37.59399,1.407524,27390.29,999.5126,5.14411,13.97091,1.197440315,1
48.28416,1637.493,41.22864,2.855312,26692.86,999.5007,4.337393,12.32127,1.197926739,1
49.50872,1633.315,40.28598,3.173755,26639.56,995.7376,4.260854,12.69944,1.198861384,1
48.23719,1637.579,40.11718,4.722518,27460.02,997.2671,3.948596,12.27028,1.199905823,1
47.00931,1636.919,39.86572,6.51215,26431.5,997.3208,3.825707,11.61018,1.201665004,1
47.00018,1634.607,38.87652,3.245703,26668.31,996.5562,3.954807,12.01682,1.202196627,1
48.46736,1635.322,41.10673,5.918812,27945.1,997.804,4.669511,13.03895,1.207663984,1
46.49067,1633.587,38.90084,5.018841,27359.14,997.1318,4.689983,12.89175,1.209797596,1
46.70772,1634.729,38.64333,4.114017,26910.18,997.6745,4.531495,12.66967,1.20988575,1
45.9987,1636.826,38.49093,2.981972,27424.24,997.0202,4.029691,12.11261,1.210093478,1
46.66749,1636.456,41.23519,2.637682,26809.78,997.5631,4.234243,11.81491,1.210517829,1
47.39045,1636.233,41.56718,1.558472,26558.5,997.8399,5.574033,13.60518,1.211052393,1
44.83339,1634.385,39.15006,2.846655,27491.9,996.4474,4.018915,11.75531,1.211885686,1
47.22035,1635.924,41.61163,5.35617,27743.49,999.5988,5.003162,12.97395,1.212743635,1
46.05199,1636.444,41.24768,1.489276,27061.54,998.6785,6.267462,14.17612,1.216781302,1
47.33091,1634.935,39.66856,2.40874,27041.39,997.358,4.188347,12.16661,1.21756288,1
45.32277,1635.489,39.34144,1.623782,27036.25,995.5097,5.268225,13.15738,1.218132396,1
47.16173,1634.752,37.73581,1.000419,26706.07,998.2537,6.082384,14.54543,1.218834872,1
51.28222,1635.373,36.78807,2.13024,26891.61,997.9136,4.383516,13.62241,1.221184589,1
47.72779,1633.754,39.8076,4.212491,26431.49,998.632,4.296154,12.11501,1.222936001,1
46.70206,1637.274,40.8516,4.859593,27628.15,995.8801,5.229715,13.19467,1.223347104,1
47.97267,1637.696,40.82456,1.757398,26652.98,998.4929,4.146282,11.87562,1.223497384,1
47.43932,1635.057,40.14271,4.254552,26428.36,996.9964,3.968103,11.6258,1.224387489,1
48.48826,1633.32,41.50437,3.01549,26720.64,998.2122,3.88825,11.73283,1.225954263,1
48.38778,1633.489,37.07729,2.474903,27878.21,997.6169,3.184168,11.97688,1.229743373,1
47.60624,1637.482,41.02416,2.813943,27096.9,996.7787,4.464966,12.21224,1.230582517,1
48.97057,1635.6,37.87292,4.780346,26243.81,996.2473,4.247087,12.59213,1.232270224,1
45.85826,1633.063,39.24223,2.340918,26872.51,998.9842,4.67047,12.31469,1.232745518,1
48.16463,1634.776,38.54357,3.625313,27322.8,995.9732,1.92067,10.01248,1.233060367,1
46.92184,1636.672,37.53557,4.932201,26893.55,995.1371,2.592351,11.55744,1.234642258,1
46.54731,1635.986,39.67736,2.91793,26421.36,997.0203,3.995381,11.47738,1.235294264,1
47.70169,1636.972,39.08401,2.387501,27366.32,997.8292,4.172236,12.25875,1.235992557,1
46.32602,1633.533,38.15417,1.209969,26590.6,997.7751,5.100934,12.96742,1.236667953,1
48.50858,1635.865,38.7062,3.553004,26971.01,997.6593,2.884757,10.98532,1.236751436,1
46.68494,1633.846,41.304,1.494069,26352.97,995.3615,4.39507,11.81507,1.239498083,1
48.52616,1636.543,38.65547,1.563676,27901.43,997.6335,2.329155,10.64785,1.240332689,1
49.8752,1637.491,41.22314,3.26713,26166.35,997.3647,3.441868,11.14744,1.24213874,1
49.78927,1636.481,37.98102,5.466899,27290.19,997.4589,4.493785,13.23798,1.242176531,1
46.21076,1636.082,38.07094,4.646199,27392.61,997.5363,4.553646,12.49907,1.244520893,1
46.74184,1633.448,38.20183,3.072669,27692.49,995.6837,4.227096,12.27682,1.248715235,1
47.83614,1638.196,40.87119,3.128602,26567.34,996.9697,3.56276,10.94139,1.251613138,1
47.18469,1635.071,38.13373,5.221758,27926.34,996.1072,3.17798,11.29084,1.251924766,1
48.32972,1634.322,40.82227,3.192362,27381.05,995.567,4.348066,12.133,1.252820326,1
46.58362,1635.04,39.23372,4.318325,26737.41,997.2984,5.048244,12.62334,1.255623876,1
47.9345,1637.455,39.6113,1.403421,26930.99,997.03,2.904098,11.54498,1.256257973,1
47.37456,1635.934,38.87465,1.906558,27576.91,999.8527,4.774305,12.70135,1.257866934,1
48.34153,1637.173,43.55328,5.460027,25754.23,995.7291,5.531653,12.58088,1.25956962,1
46.65562,1634.851,40.73765,3.627567,26490.81,995.2341,2.714695,9.70885,1.262025992,1
48.11096,1634.459,37.93571,2.639026,26933.89,996.413,4.758817,12.78555,1.26419097,1
47.05015,1632.953,40.87536,3.206935,26756.11,999.1345,4.506309,11.73236,1.265445201,1
51.48836,1636.186,39.42414,0.752641,26486.19,996.5304,4.027101,12.14395,1.26755579,1
45.4624,1634.74,39.94119,1.297591,26461.3,996.4317,3.147768,10.03953,1.270629483,1
47.43693,1636.052,37.66409,4.182573,27203.83,995.8918,3.937943,11.8837,1.270680267,1
48.38968,1635.236,36.88606,2.411615,27188.89,997.5696,3.690116,11.95067,1.274780006,1
46.81517,1635.192,41.40774,3.675144,26537.57,997.0151,6.999294,14.33414,1.274971789,1
47.71462,1634.09,37.96496,2.402235,28178.56,998.1183,4.405528,12.55662,1.275797794,1
46.46256,1635.914,42.44775,3.902498,27872.19,996.9828,3.331127,11.28495,1.277861034,1
48.72466,1636.327,42.09109,2.585917,27731.4,997.0739,3.78694,11.24256,1.278694189,1
45.75301,1635.486,39.21723,6.281474,26229.18,996.8669,5.062293,12.13168,1.279881035,1
45.50506,1639.504,38.57793,1.725285,26599.11,997.6604,3.757376,10.88131,1.283049961,1
46.23818,1638.076,38.42604,3.466455,28362.65,995.775,5.294201,13.11113,1.283365734,1
46.98915,1634.545,39.0047,2.797282,27932.08,1001.075,5.301269,12.95615,1.283409912,1
50.00654,1633.82,39.03413,3.075698,26762.96,1001.316,3.119887,11.11595,1.28341205,1
47.87488,1635.794,41.34639,4.910755,27568.92,996.3622,4.59816,12.12673,1.285200268,1
47.08723,1636.565,38.70643,3.272464,26803.72,1000.721,3.166776,11.53467,1.286782889,1
49.306,1633.705,38.73539,1.277224,27489.97,996.734,3.87837,11.91957,1.290972524,1
48.1217,1634.104,40.90554,3.458407,27007.69,995.7076,5.527549,12.8277,1.291589579,1
45.7903,1634.863,40.04522,4.117539,26770.01,997.3619,5.138339,12.10673,1.292334854,1
50.64578,1633.498,38.669,4.678015,27656.74,997.8421,3.072771,11.55791,1.293875708,1
48.78465,1635.215,39.70876,1.111857,27131.13,995.9201,4.854025,12.44756,1.294315606,1
47.48418,1636.026,43.04147,3.147319,26095.11,996.1908,5.750606,12.44974,1.295120145,1
48.10668,1636.507,40.99536,5.188681,27341.39,997.9128,4.207466,11.48613,1.296089755,1
48.73899,1636.658,35.98117,3.845912,26593.18,996.9057,3.668498,11.82438,1.297150889,1
49.32166,1632.548,40.84932,1.399648,26995.77,997.8179,4.7592,12.17813,1.297364585,1
49.65282,1634.683,41.54159,4.707585,27003.03,996.0162,4.285091,11.86182,1.297492882,1
48.015,1635.491,35.80973,3.664463,27463.15,999.0736,3.405439,11.6603,1.302100645,1
46.0546,1633.562,38.41191,1.722807,27688.62,996.7945,3.017573,11.40444,1.302251509,1
48.27899,1634.011,39.83609,3.997854,26856.33,996.4595,5.66661,12.95157,1.302297197,1
47.8691,1634.014,39.12896,5.862357,26614.8,996.5706,5.868765,13.0644,1.305474595,1
47.32397,1638.18,37.73591,4.592367,26387.57,997.4228,2.457171,9.886733,1.30640533,1
46.36049,1636.255,41.20894,2.336227,26399.92,996.6025,5.160652,11.95834,1.306512588,1
46.55398,1635.269,39.70509,2.385822,27794.72,997.8755,3.331017,11.56005,1.306816091,1
49.31053,1633.884,39.14359,5.655929,26516.32,997.4029,5.797651,13.13695,1.309018421,1
49.05322,1635.076,40.94914,3.116602,27263.13,998.2842,3.052057,11.4143,1.30942429,1
46.45516,1632.707,39.04762,4.472102,26693.62,999.1267,4.974577,11.93334,1.310116792,1
48.25081,1634.914,38.30932,3.819998,26608.82,997.1895,5.12848,12.44777,1.312441833,1
49.52728,1637.466,38.30201,3.83996,26287.51,997.7134,4.255924,11.80049,1.314122645,1
48.85232,1634.684,38.05243,4.927965,26486.76,997.5763,3.297496,10.90663,1.31428973,1
46.77525,1637.119,38.74694,2.563686,26609.03,996.1303,4.56468,11.60065,1.315250538,1
47.65132,1638.42,38.84035,4.369227,25863.78,997.1868,5.428493,12.28462,1.318486871,1
48.90366,1635.582,38.7442,4.218432,27716.75,998.0158,3.982351,11.68477,1.322469237,1
49.6617,1633.24,40.87824,4.319225,25825.82,997.5805,5.011144,11.87677,1.322900976,1
48.72125,1637.053,39.66069,4.594281,26852.77,996.5241,3.577216,10.87903,1.323237657,1
50.61334,1632.666,41.47959,2.524348,26499.87,998.4403,5.204096,12.41999,1.326296886,1
45.62574,1632.425,41.46658,3.250312,24971.2,995.9416,4.251286,11.34094,1.329740557,1
47.46926,1637.327,38.85112,1.842392,27107.88,999.1906,5.286721,12.24255,1.33554307,1
45.69168,1637.591,37.52364,4.301649,25872.45,999.2665,5.73204,12.21824,1.336677092,1
48.52402,1636.146,39.9299,0.938108,27623.54,999.2128,3.457195,10.72397,1.341444692,1
48.57562,1636.02,35.79165,4.420464,27459.23,995.2354,4.852093,12.59643,1.342234423,1
46.5237,1635.445,39.02255,4.286769,27298.43,996.0424,6.539527,13.23083,1.34267741,1
50.19618,1634.026,40.70461,3.541644,26737.07,998.2518,4.161709,11.28831,1.343928632,1
47.2298,1635.724,41.42878,3.595769,25839.45,996.5551,5.421479,11.64271,1.344110617,1
45.1993,1637.342,39.48051,1.071493,27759.06,996.4656,3.141668,9.926097,1.345286592,1
47.93009,1636.208,38.91778,5.696572,27481.22,995.289,4.513163,11.65346,1.346805876,1
46.10531,1637.408,39.50503,3.217406,27291.53,997.5715,5.375913,11.92196,1.354056559,1
46.33121,1637.063,40.06711,5.360812,26261.69,998.7289,6.62587,12.74899,1.354545061,1
46.18095,1635.312,38.64808,5.197958,26805.05,997.3077,5.851896,12.25635,1.35875411,1
48.48452,1637.277,41.61889,4.277509,27394.32,996.5728,5.63309,12.20296,1.359517735,1
49.6239,1637.499,38.96056,2.123896,27067.38,994.4003,4.200196,11.3876,1.368399135,1
46.50953,1635.461,40.76552,5.10032,27590.6,998.7345,3.819853,11.31092,1.371359532,1
49.17757,1635.774,37.79272,3.627971,27846.04,998.1431,4.140059,11.58273,1.373555627,1
45.77826,1634.694,39.53273,5.239862,26823.85,996.6063,4.494431,10.76243,1.375234665,1
48.25675,1637.021,38.00804,0.995958,27046.21,997.6575,4.697216,11.47836,1.380566041,1
47.60863,1634.162,41.43707,5.180923,26048.75,997.3517,4.821728,10.84507,1.386842052,1
46.45197,1636.21,36.72879,2.845302,27178.08,995.2341,3.96176,10.81624,1.387307694,1
46.46646,1633.383,41.31647,4.69107,27767.6,1000.724,6.13249,12.20311,1.389221392,1
46.67735,1631.34,39.55213,3.740478,28300.92,995.0834,6.026022,12.36922,1.391611527,1
47.50968,1634.982,39.47303,1.677579,26657.56,999.0473,4.861463,11.06417,1.391670952,1
48.55953,1636.275,34.89037,2.404404,27090.04,996.6369,4.336091,11.65743,1.391965544,1
49.70101,1636.707,40.81026,3.559626,27778.24,996.9334,6.150498,12.5475,1.392570309,1
46.2599,1635.931,39.21351,5.069739,26761.3,996.6172,7.834639,13.30156,1.39930881,1
48.07693,1636.135,39.37324,4.522029,26323.36,998.1202,4.237278,11.51099,1.400344392,1
48.14422,1636.044,39.48288,2.00902,26204.72,996.4077,3.720732,10.08678,1.402437812,1
49.17856,1633.829,41.54746,1.162196,27408.13,998.764,4.374987,10.75327,1.405427407,1
44.89388,1635.588,39.38708,3.72563,27651.45,995.602,4.009627,10.19912,1.407696166,1
47.75773,1638.812,37.38412,2.514154,26811.43,999.6411,4.931694,11.24913,1.407914853,1
48.1718,1634.735,39.18861,4.252393,26555.24,998.6473,4.571879,10.76829,1.408641865,1
48.39573,1635.745,38.41421,3.448383,27752.8,995.7434,3.503972,11.51661,1.411780585,1
46.32392,1637.091,41.18646,3.999542,26864.64,997.6276,5.616075,11.23599,1.413212295,1
51.44458,1634.706,41.27242,4.635043,26893.27,997.5653,3.678877,11.4641,1.413542815,1
46.94453,1634.171,36.47416,3.165413,26326.58,995.0807,4.44183,10.74835,1.414104169,1
47.07363,1633.968,38.75838,2.407916,27276.51,997.3884,4.229525,11.57163,1.414220706,1
44.02125,1634.054,38.6001,2.426758,25834.3,995.7743,5.09,11.51688,1.41958144,1
47.36976,1632.705,39.89999,1.226424,26887.16,995.0797,4.793994,10.7518,1.420342806,1
43.76849,1636.731,39.64896,2.602097,27169.14,998.5524,4.854457,11.50611,1.420624902,1
48.35473,1635.651,39.8848,4.525543,26532.36,994.7197,5.143047,11.02821,1.421505868,1
47.94958,1635.416,41.24233,1.612681,27553.02,996.5104,5.233338,11.16994,1.422148556,1
51.61566,1636.786,39.25274,3.215469,27649.1,998.7678,4.967118,11.75572,1.424749045,1
46.25272,1635.139,38.01712,1.684499,26809.61,994.8827,6.140549,11.67253,1.427716432,1
48.44134,1635.699,39.38079,6.358689,27264.42,996.9073,5.817071,11.64949,1.427927922,1
45.68928,1634.765,39.0469,0.086856,27777.23,996.4077,4.912038,10.82694,1.433464587,1
46.52157,1638.57,38.50871,2.484268,26310.79,996.8142,5.51676,10.93741,1.438739431,1
46.30568,1636.198,37.83258,2.754948,26620.03,997.2709,6.765804,11.84171,1.441211177,1
49.90286,1637.111,38.5086,2.962377,26914.6,995.3638,4.915041,11.08003,1.44374554,1
47.89653,1637.073,40.68261,3.839222,27935.46,997.3255,5.831327,11.48416,1.444470797,1
47.65626,1636.673,41.74757,4.872627,26621.51,998.7319,5.255666,11.59832,1.446157198,1
45.70372,1636.706,39.96182,2.921872,27509,997.9343,4.112129,9.932918,1.44697719,1
49.22372,1636.012,40.69315,2.825345,27388.96,998.1618,8.4166,12.96144,1.454783546,1
45.69155,1633.771,42.01161,5.74638,27069.35,995.1518,4.521776,9.858657,1.458819534,1
49.92206,1635.158,37.75205,2.017058,27233.17,996.3165,5.758629,11.43624,1.461587924,1
49.44913,1633.318,37.81058,2.798027,27339.01,996.1472,4.012207,11.49355,1.465772189,1
47.61816,1636.478,39.90369,2.795165,26806.63,999.5539,5.254758,11.51547,1.468573715,1
47.91924,1638.046,38.61097,4.02666,26828.89,999.538,4.932388,11.38718,1.474979452,1
48.72551,1636.705,37.91759,1.031533,27497.07,997.3506,5.469999,11.00845,1.476732847,1
49.28956,1636.191,37.34822,4.023269,27213.76,996.3018,3.170736,9.987658,1.478714216,1
46.39567,1636.939,39.04952,4.221973,27397.16,999.4427,2.026909,8.492262,1.481630673,1
46.94367,1638.477,42.02023,5.885133,27221.65,998.2586,6.452483,11.10547,1.485226736,1
46.99037,1634.44,38.90384,4.55047,27321.65,996.4971,6.634824,11.22526,1.49117297,1
47.07687,1634.455,41.57561,3.445829,26502.29,998.958,5.315086,9.971754,1.506790108,1
49.65034,1635.403,41.3317,2.414614,27970.87,996.4219,3.82438,9.830523,1.515551671,1
48.38289,1631.158,38.70121,2.685623,27544.69,998.5644,6.250751,10.72022,1.519110171,1
46.03477,1635.119,41.23344,4.498276,27032.09,995.0663,4.705589,9.551947,1.524704025,1
47.44887,1633.875,36.60152,2.44894,27207.19,999.0748,6.095177,11.3993,1.529519819,1
48.7882,1636.238,41.48163,3.899052,26326.27,995.2157,4.344107,9.298322,1.536079243,1
48.09001,1634.284,38.29707,4.844458,26002.59,995.9834,4.485412,9.274291,1.543060475,1
48.25859,1635.774,41.38808,3.97951,26865.59,995.8357,6.748164,10.16997,1.56205224,1
47.19682,1636.783,40.12434,1.083666,27118.18,996.8714,5.406644,9.45951,1.575393421,1
48.26496,1635.336,38.28045,2.108769,27635.85,996.0782,4.284012,8.798867,1.632755036,1
48.22114,1635.283,39.06771,3.603837,27086.9,996.1637,5.633115,8.318414,1.676139215,1
45.749,1634.843,39.61359,1.981901,27142.2,996.4854,4.370974,7.411243,1.747634434,1
